<?xml version="1.0" encoding="utf-8"?>
<MD_Metadata xmlns="http://www.isotc211.org/2005/gmd"
             xmlns:gco="http://www.isotc211.org/2005/gco"
             xmlns:gts="http://www.isotc211.org/2005/gts"
             xmlns:srv="http://www.isotc211.org/2005/srv"
             xmlns:gml="http://www.opengis.net/gml"
             xmlns:xlink="http://www.w3.org/1999/xlink"
             xmlns:xsi="http://www.w3.org/2001/XMLSchema-instance">
   <fileIdentifier>
      <gco:CharacterString>ECA527A8-DC9A-49F3-8911-F4CF9C3019A5</gco:CharacterString>
   </fileIdentifier>
   <language>
      <LanguageCode codeList="http://www.loc.gov/standards/iso639-2/php/code_list.php"
                    codeListValue="eng"
                    codeSpace="ISO639-2">eng</LanguageCode>
   </language>
   <characterSet>
      <MD_CharacterSetCode codeList="http://www.isotc211.org/2005/resources/Codelist/gmxCodelists.xml#MD_CharacterSetCode"
                           codeListValue="utf8"
                           codeSpace="ISOTC211/19115">utf8</MD_CharacterSetCode>
   </characterSet>
   <hierarchyLevel>
      <MD_ScopeCode codeList="http://www.isotc211.org/2005/resources/Codelist/gmxCodelists.xml#MD_ScopeCode"
                    codeListValue="dataset"
                    codeSpace="ISOTC211/19115">dataset</MD_ScopeCode>
   </hierarchyLevel>
   <hierarchyLevelName>
      <gco:CharacterString>dataset</gco:CharacterString>
   </hierarchyLevelName>
   <contact>
      <CI_ResponsibleParty>
         <individualName>
            <gco:CharacterString>Geographic Information Group</gco:CharacterString>
         </individualName>
         <organisationName>
            <gco:CharacterString>Scottish Natural Heritage</gco:CharacterString>
         </organisationName>
         <positionName>
            <gco:CharacterString>Geographic Systems &amp; Data Officer</gco:CharacterString>
         </positionName>
         <contactInfo>
            <CI_Contact>
               <phone>
                  <CI_Telephone>
                     <voice>
                        <gco:CharacterString>01463 725000</gco:CharacterString>
                     </voice>
                  </CI_Telephone>
               </phone>
               <address>
                  <CI_Address>
                     <deliveryPoint>
                        <gco:CharacterString>Great Glen House, Leachkin Road</gco:CharacterString>
                     </deliveryPoint>
                     <city>
                        <gco:CharacterString>INVERNESS</gco:CharacterString>
                     </city>
                     <postalCode>
                        <gco:CharacterString>IV3 8NW</gco:CharacterString>
                     </postalCode>
                     <country>
                        <gco:CharacterString>GB</gco:CharacterString>
                     </country>
                     <electronicMailAddress>
                        <gco:CharacterString>data_supply@nature.scot</gco:CharacterString>
                     </electronicMailAddress>
                  </CI_Address>
               </address>
            </CI_Contact>
         </contactInfo>
         <role>
            <CI_RoleCode codeList="http://www.isotc211.org/2005/resources/Codelist/gmxCodelists.xml#CI_RoleCode"
                         codeListValue="distributor"
                         codeSpace="ISOTC211/19115">distributor</CI_RoleCode>
         </role>
      </CI_ResponsibleParty>
   </contact>
   <dateStamp>
      <gco:Date>2018-12-20</gco:Date>
   </dateStamp>
   <metadataStandardName>
      <gco:CharacterString>ISO 19139 Geographic Information - Metadata - Implementation Specification</gco:CharacterString>
   </metadataStandardName>
   <metadataStandardVersion>
      <gco:CharacterString>2007</gco:CharacterString>
   </metadataStandardVersion>
   <spatialRepresentationInfo>
      <MD_VectorSpatialRepresentation>
         <topologyLevel>
            <MD_TopologyLevelCode codeList="http://www.isotc211.org/2005/resources/Codelist/gmxCodelists.xml#MD_TopologyLevelCode"
                                  codeListValue="geometryOnly"
                                  codeSpace="ISOTC211/19115">geometryOnly</MD_TopologyLevelCode>
         </topologyLevel>
         <geometricObjects>
            <MD_GeometricObjects>
               <geometricObjectType>
                  <MD_GeometricObjectTypeCode codeList="http://www.isotc211.org/2005/resources/Codelist/gmxCodelists.xml#MD_GeometricObjectTypeCode"
                                              codeListValue="composite"
                                              codeSpace="ISOTC211/19115">composite</MD_GeometricObjectTypeCode>
               </geometricObjectType>
               <geometricObjectCount>
                  <gco:Integer>15872</gco:Integer>
               </geometricObjectCount>
            </MD_GeometricObjects>
         </geometricObjects>
      </MD_VectorSpatialRepresentation>
   </spatialRepresentationInfo>
   <referenceSystemInfo>
      <MD_ReferenceSystem>
         <referenceSystemIdentifier>
            <RS_Identifier>
               <code>
                  <gco:CharacterString>urn:ogc:def:crs:EPSG::27700</gco:CharacterString>
               </code>
               <codeSpace>
                  <gco:CharacterString>EPSG</gco:CharacterString>
               </codeSpace>
               <version>
                  <gco:CharacterString>8.6.2</gco:CharacterString>
               </version>
            </RS_Identifier>
         </referenceSystemIdentifier>
      </MD_ReferenceSystem>
   </referenceSystemInfo>
   <identificationInfo>
      <MD_DataIdentification>
         <citation>
            <CI_Citation>
               <title>
                  <gco:CharacterString>Sites of Special Scientific Interest</gco:CharacterString>
               </title>
               <alternateTitle>
                  <gco:CharacterString>Dataset name: GIS_SNH_OWNER.SSSI</gco:CharacterString>
               </alternateTitle>
               <date>
                  <CI_Date>
                     <date>
                        <gco:Date>1997-01-01</gco:Date>
                     </date>
                     <dateType>
                        <CI_DateTypeCode codeList="http://www.isotc211.org/2005/resources/Codelist/gmxCodelists.xml#CI_DateTypeCode"
                                         codeListValue="creation"
                                         codeSpace="ISOTC211/19115">creation</CI_DateTypeCode>
                     </dateType>
                  </CI_Date>
               </date>
               <date>
                  <CI_Date>
                     <date>
                        <gco:Date>2018-12-20</gco:Date>
                     </date>
                     <dateType>
                        <CI_DateTypeCode codeList="http://www.isotc211.org/2005/resources/Codelist/gmxCodelists.xml#CI_DateTypeCode"
                                         codeListValue="revision"
                                         codeSpace="ISOTC211/19115">revision</CI_DateTypeCode>
                     </dateType>
                  </CI_Date>
               </date>
               <identifier>
                  <MD_Identifier>
                     <code>
                        <gco:CharacterString>SSSI</gco:CharacterString>
                     </code>
                  </MD_Identifier>
               </identifier>
               <citedResponsibleParty>
                  <CI_ResponsibleParty>
                     <individualName>
                        <gco:CharacterString>Geographic Information Group</gco:CharacterString>
                     </individualName>
                     <organisationName>
                        <gco:CharacterString>Scottish Natural Heritage</gco:CharacterString>
                     </organisationName>
                     <positionName>
                        <gco:CharacterString>Data Supply</gco:CharacterString>
                     </positionName>
                     <contactInfo>
                        <CI_Contact>
                           <phone>
                              <CI_Telephone>
                                 <voice>
                                    <gco:CharacterString>01463 725000</gco:CharacterString>
                                 </voice>
                              </CI_Telephone>
                           </phone>
                           <address>
                              <CI_Address>
                                 <deliveryPoint>
                                    <gco:CharacterString>Great Glen House, Leachkin Road</gco:CharacterString>
                                 </deliveryPoint>
                                 <city>
                                    <gco:CharacterString>INVERNESS</gco:CharacterString>
                                 </city>
                                 <postalCode>
                                    <gco:CharacterString>IV3 8NW</gco:CharacterString>
                                 </postalCode>
                                 <country>
                                    <gco:CharacterString>GB</gco:CharacterString>
                                 </country>
                                 <electronicMailAddress>
                                    <gco:CharacterString>data_supply@nature.scot</gco:CharacterString>
                                 </electronicMailAddress>
                              </CI_Address>
                           </address>
                        </CI_Contact>
                     </contactInfo>
                     <role>
                        <CI_RoleCode codeList="http://www.isotc211.org/2005/resources/Codelist/gmxCodelists.xml#CI_RoleCode"
                                     codeListValue="custodian"
                                     codeSpace="ISOTC211/19115">custodian</CI_RoleCode>
                     </role>
                  </CI_ResponsibleParty>
               </citedResponsibleParty>
               <citedResponsibleParty>
                  <CI_ResponsibleParty>
                     <individualName>
                        <gco:CharacterString>Geographic Information Group</gco:CharacterString>
                     </individualName>
                     <organisationName>
                        <gco:CharacterString>Scottish Natural Heritage</gco:CharacterString>
                     </organisationName>
                     <positionName>
                        <gco:CharacterString>Data Supply</gco:CharacterString>
                     </positionName>
                     <contactInfo>
                        <CI_Contact>
                           <phone>
                              <CI_Telephone>
                                 <voice>
                                    <gco:CharacterString>01463 725000</gco:CharacterString>
                                 </voice>
                                 <facsimile>
                                    <gco:CharacterString>01463 725067</gco:CharacterString>
                                 </facsimile>
                              </CI_Telephone>
                           </phone>
                           <address>
                              <CI_Address>
                                 <deliveryPoint>
                                    <gco:CharacterString>Great Glen house</gco:CharacterString>
                                 </deliveryPoint>
                                 <deliveryPoint>
                                    <gco:CharacterString>Leachkin Road</gco:CharacterString>
                                 </deliveryPoint>
                                 <city>
                                    <gco:CharacterString>Inverness</gco:CharacterString>
                                 </city>
                                 <postalCode>
                                    <gco:CharacterString>IV3 8NW</gco:CharacterString>
                                 </postalCode>
                                 <country>
                                    <gco:CharacterString>GB</gco:CharacterString>
                                 </country>
                                 <electronicMailAddress>
                                    <gco:CharacterString>Data_Supply@nature.scot</gco:CharacterString>
                                 </electronicMailAddress>
                              </CI_Address>
                           </address>
                        </CI_Contact>
                     </contactInfo>
                     <role>
                        <CI_RoleCode codeList="http://www.isotc211.org/2005/resources/Codelist/gmxCodelists.xml#CI_RoleCode"
                                     codeListValue="distributor"
                                     codeSpace="ISOTC211/19115">distributor</CI_RoleCode>
                     </role>
                  </CI_ResponsibleParty>
               </citedResponsibleParty>
               <presentationForm>
                  <CI_PresentationFormCode codeList="http://www.isotc211.org/2005/resources/Codelist/gmxCodelists.xml#CI_PresentationFormCode"
                                           codeListValue="mapDigital"
                                           codeSpace="ISOTC211/19115">mapDigital</CI_PresentationFormCode>
               </presentationForm>
            </CI_Citation>
         </citation>
         <abstract>
            <gco:CharacterString>&lt;DIV STYLE="text-align:Left;"&gt;&lt;DIV&gt;&lt;DIV&gt;&lt;P&gt;&lt;SPAN&gt;Sites of Special Scientific Interest (SSSI) are those areas of land and water (to the seaward limits of local authority areas or MLWS) that Scottish Natural Heritage (SNH) considers to best represent our natural heritage - its diversity of plants, animals and habitats, rocks and landforms, or a combinations of such natural features. They are the essential building blocks of Scotland's protected areas for nature conservation. Many are also designated as Natura sites (Special Protection Areas or Special Areas of Conservation)..The national network of SSSIs in Scotland forms part of the wider GB series. SNH designates SSSIs under the Nature Conservation (Scotland) Act 2004. SSSIs are protected by law. It is an offence for any person to intentionally or recklessly damage the protected natural features of an SSSI. SSSIs were first designated under the National Parks and Access to the Countryside Act 1949. The majority of these were later re-notified under the Wildlife and Countryside Act 1981. All 1981 Act SSSI designations are carried forward, and all new SSSI designations are now made, under the Nature Conservation (Scotland) Act 2004.&lt;/SPAN&gt;&lt;/P&gt;&lt;/DIV&gt;&lt;/DIV&gt;&lt;/DIV&gt;</gco:CharacterString>
         </abstract>
         <credit>
            <gco:CharacterString>©Scottish Natural Heritage. Contains Ordnance Survey data © Crown copyright and database right (year)</gco:CharacterString>
         </credit>
         <pointOfContact>
            <CI_ResponsibleParty>
               <individualName>
                  <gco:CharacterString>Geographic Information Group</gco:CharacterString>
               </individualName>
               <organisationName>
                  <gco:CharacterString>Scottish Natural Heritage</gco:CharacterString>
               </organisationName>
               <positionName>
                  <gco:CharacterString>Geographic Systems &amp; Data Officer</gco:CharacterString>
               </positionName>
               <contactInfo>
                  <CI_Contact>
                     <phone>
                        <CI_Telephone>
                           <voice>
                              <gco:CharacterString>01463 725000</gco:CharacterString>
                           </voice>
                        </CI_Telephone>
                     </phone>
                     <address>
                        <CI_Address>
                           <deliveryPoint>
                              <gco:CharacterString>Great Glen House, Leachkin Road</gco:CharacterString>
                           </deliveryPoint>
                           <city>
                              <gco:CharacterString>INVERNESS</gco:CharacterString>
                           </city>
                           <postalCode>
                              <gco:CharacterString>IV3 8NW</gco:CharacterString>
                           </postalCode>
                           <country>
                              <gco:CharacterString>GB</gco:CharacterString>
                           </country>
                           <electronicMailAddress>
                              <gco:CharacterString>data_supply@nature.scot</gco:CharacterString>
                           </electronicMailAddress>
                        </CI_Address>
                     </address>
                  </CI_Contact>
               </contactInfo>
               <role>
                  <CI_RoleCode codeList="http://www.isotc211.org/2005/resources/Codelist/gmxCodelists.xml#CI_RoleCode"
                               codeListValue="distributor"
                               codeSpace="ISOTC211/19115">distributor</CI_RoleCode>
               </role>
            </CI_ResponsibleParty>
         </pointOfContact>
         <resourceMaintenance>
            <MD_MaintenanceInformation>
               <maintenanceAndUpdateFrequency>
                  <MD_MaintenanceFrequencyCode codeList="http://www.isotc211.org/2005/resources/Codelist/gmxCodelists.xml#MD_MaintenanceFrequencyCode"
                                               codeListValue="continual"
                                               codeSpace="ISOTC211/19115">continual</MD_MaintenanceFrequencyCode>
               </maintenanceAndUpdateFrequency>
            </MD_MaintenanceInformation>
         </resourceMaintenance>
         <resourceFormat>
            <MD_Format>
               <name>
                  <gco:CharacterString>SDE Feature Class</gco:CharacterString>
               </name>
               <version gco:nilReason="missing"/>
            </MD_Format>
         </resourceFormat>
         <descriptiveKeywords>
            <MD_Keywords>
               <keyword>
                  <gco:CharacterString>GB-SCT</gco:CharacterString>
               </keyword>
               <type>
                  <MD_KeywordTypeCode codeList="http://www.isotc211.org/2005/resources/Codelist/gmxCodelists.xml#MD_KeywordTypeCode"
                                      codeListValue="place"
                                      codeSpace="ISOTC211/19115">place</MD_KeywordTypeCode>
               </type>
            </MD_Keywords>
         </descriptiveKeywords>
         <descriptiveKeywords>
            <MD_Keywords>
               <keyword>
                  <gco:CharacterString>Protected sites; environment</gco:CharacterString>
               </keyword>
               <type>
                  <MD_KeywordTypeCode codeList="http://www.isotc211.org/2005/resources/Codelist/gmxCodelists.xml#MD_KeywordTypeCode"
                                      codeListValue="theme"
                                      codeSpace="ISOTC211/19115">theme</MD_KeywordTypeCode>
               </type>
            </MD_Keywords>
         </descriptiveKeywords>
         <descriptiveKeywords>
            <MD_Keywords>
               <keyword>
                  <gco:CharacterString>Nature conservation</gco:CharacterString>
               </keyword>
               <thesaurusName>
                  <CI_Citation>
                     <title>
                        <gco:CharacterString>Government Category List</gco:CharacterString>
                     </title>
                     <alternateTitle>
                        <gco:CharacterString>Dataset name: GIS_SNH_OWNER.SSSI</gco:CharacterString>
                     </alternateTitle>
                     <date>
                        <CI_Date>
                           <date>
                              <gco:Date>2006-05-25</gco:Date>
                           </date>
                           <dateType>
                              <CI_DateTypeCode codeList="http://www.isotc211.org/2005/resources/Codelist/gmxCodelists.xml#CI_DateTypeCode"
                                               codeListValue="publication"
                                               codeSpace="ISOTC211/19115">publication</CI_DateTypeCode>
                           </dateType>
                        </CI_Date>
                     </date>
                  </CI_Citation>
               </thesaurusName>
            </MD_Keywords>
         </descriptiveKeywords>
         <descriptiveKeywords>
            <MD_Keywords>
               <keyword>
                  <gco:CharacterString>Downloadable Data</gco:CharacterString>
               </keyword>
               <thesaurusName uuidref="723f6998-058e-11dc-8314-0800200c9a66"/>
            </MD_Keywords>
         </descriptiveKeywords>
         <resourceConstraints>
            <MD_Constraints>
               <useLimitation>
                  <gco:CharacterString>&lt;DIV STYLE="text-align:Left;"&gt;&lt;DIV&gt;&lt;DIV&gt;&lt;DIV STYLE="font-size:12pt"&gt;&lt;P&gt;&lt;SPAN&gt;Available under the &lt;/SPAN&gt;&lt;A href="http://www.nationalarchives.gov.uk/doc/open-government-licence/"&gt;&lt;SPAN&gt;Open Government Licence &lt;/SPAN&gt;&lt;/A&gt;&lt;SPAN&gt;(http&lt;/SPAN&gt;&lt;SPAN&gt;s&lt;/SPAN&gt;&lt;SPAN&gt;://www.nationalarchives.gov.uk/doc/open-government-licence/), Note that this data is available to view or download on &lt;/SPAN&gt;&lt;A href="http://www.snh.gov.uk/publications-data-and-research/snhi-information-service"&gt;&lt;SPAN&gt;SNH website &lt;/SPAN&gt;&lt;/A&gt;&lt;SPAN&gt;see: www.&lt;/SPAN&gt;&lt;SPAN&gt;nature.scot&lt;/SPAN&gt;&lt;SPAN&gt;/publications-data-and-research/snhi-information-service&lt;/SPAN&gt;&lt;/P&gt;&lt;/DIV&gt;&lt;/DIV&gt;&lt;/DIV&gt;&lt;/DIV&gt;</gco:CharacterString>
               </useLimitation>
            </MD_Constraints>
         </resourceConstraints>
         <resourceConstraints>
            <MD_LegalConstraints>
               <useLimitation>
                  <gco:CharacterString>You must always use the following attribution statement to acknowledge the source of the information: (Copyright Scottish Natural Heritage) Contains Ordnance Survey data © Crown copyright and database right (year)</gco:CharacterString>
               </useLimitation>
            </MD_LegalConstraints>
         </resourceConstraints>
         <spatialRepresentationType>
            <MD_SpatialRepresentationTypeCode codeList="http://www.isotc211.org/2005/resources/Codelist/gmxCodelists.xml#MD_SpatialRepresentationTypeCode"
                                              codeListValue="vector"
                                              codeSpace="ISOTC211/19115">vector</MD_SpatialRepresentationTypeCode>
         </spatialRepresentationType>
         <spatialResolution>
            <MD_Resolution>
               <distance>
                  <gco:Distance uom="m">5</gco:Distance>
               </distance>
            </MD_Resolution>
         </spatialResolution>
         <language>
            <LanguageCode codeList="http://www.loc.gov/standards/iso639-2/php/code_list.php"
                          codeListValue="eng"
                          codeSpace="ISO639-2">eng</LanguageCode>
         </language>
         <characterSet>
            <MD_CharacterSetCode codeList="http://www.isotc211.org/2005/resources/Codelist/gmxCodelists.xml#MD_CharacterSetCode"
                                 codeListValue="utf8"
                                 codeSpace="ISOTC211/19115">utf8</MD_CharacterSetCode>
         </characterSet>
         <topicCategory>
            <MD_TopicCategoryCode>environment</MD_TopicCategoryCode>
         </topicCategory>
         <topicCategory>
            <MD_TopicCategoryCode>boundaries</MD_TopicCategoryCode>
         </topicCategory>
         <topicCategory>
            <MD_TopicCategoryCode>geoscientificInformation</MD_TopicCategoryCode>
         </topicCategory>
         <environmentDescription>
            <gco:CharacterString>Microsoft Windows 7 Version 6.1 (Build 7601) Service Pack 1; Esri ArcGIS 10.3.1.5004</gco:CharacterString>
         </environmentDescription>
         <extent>
            <EX_Extent>
               <geographicElement>
                  <EX_GeographicBoundingBox>
                     <westBoundLongitude>
                        <gco:Decimal>-9.32202825</gco:Decimal>
                     </westBoundLongitude>
                     <eastBoundLongitude>
                        <gco:Decimal>-0.093512624999999</gco:Decimal>
                     </eastBoundLongitude>
                     <southBoundLatitude>
                        <gco:Decimal>54.422093</gco:Decimal>
                     </southBoundLatitude>
                     <northBoundLatitude>
                        <gco:Decimal>61.8049055</gco:Decimal>
                     </northBoundLatitude>
                  </EX_GeographicBoundingBox>
               </geographicElement>
               <geographicElement>
                  <EX_GeographicDescription>
                     <extentTypeCode>
                        <gco:Boolean>false</gco:Boolean>
                     </extentTypeCode>
                     <geographicIdentifier>
                        <MD_Identifier>
                           <authority>
                              <CI_Citation>
                                 <title>
                                    <gco:CharacterString>ISO 3166</gco:CharacterString>
                                 </title>
                                 <alternateTitle>
                                    <gco:CharacterString>Dataset name: GIS_SNH_OWNER.SSSI</gco:CharacterString>
                                 </alternateTitle>
                                 <date>
                                    <CI_Date>
                                       <date>
                                          <gco:Date>1999-03-16</gco:Date>
                                       </date>
                                       <dateType>
                                          <CI_DateTypeCode codeList="http://www.isotc211.org/2005/resources/Codelist/gmxCodelists.xml#CI_DateTypeCode"
                                                           codeListValue="publication"
                                                           codeSpace="ISOTC211/19115">publication</CI_DateTypeCode>
                                       </dateType>
                                    </CI_Date>
                                 </date>
                              </CI_Citation>
                           </authority>
                           <code>
                              <gco:CharacterString>GB-SCT</gco:CharacterString>
                           </code>
                        </MD_Identifier>
                     </geographicIdentifier>
                  </EX_GeographicDescription>
               </geographicElement>
            </EX_Extent>
         </extent>
         <extent>
            <EX_Extent>
               <geographicElement>
                  <EX_GeographicBoundingBox>
                     <extentTypeCode>
                        <gco:Boolean>true</gco:Boolean>
                     </extentTypeCode>
                     <westBoundLongitude>
                        <gco:Decimal>-28.171997</gco:Decimal>
                     </westBoundLongitude>
                     <eastBoundLongitude>
                        <gco:Decimal>15.227695</gco:Decimal>
                     </eastBoundLongitude>
                     <southBoundLatitude>
                        <gco:Decimal>45.501382</gco:Decimal>
                     </southBoundLatitude>
                     <northBoundLatitude>
                        <gco:Decimal>65.171944</gco:Decimal>
                     </northBoundLatitude>
                  </EX_GeographicBoundingBox>
               </geographicElement>
            </EX_Extent>
         </extent>
      </MD_DataIdentification>
   </identificationInfo>
   <distributionInfo>
      <MD_Distribution>
         <distributionFormat>
            <MD_Format>
               <name>
                  <gco:CharacterString>SDE Feature Class</gco:CharacterString>
               </name>
               <version gco:nilReason="missing"/>
            </MD_Format>
         </distributionFormat>
         <distributor>
            <MD_Distributor>
               <distributorContact>
                  <CI_ResponsibleParty>
                     <individualName>
                        <gco:CharacterString>Geographic Information Group</gco:CharacterString>
                     </individualName>
                     <organisationName>
                        <gco:CharacterString>Scottish Natural Heritage</gco:CharacterString>
                     </organisationName>
                     <positionName>
                        <gco:CharacterString>Data Supply</gco:CharacterString>
                     </positionName>
                     <contactInfo>
                        <CI_Contact>
                           <phone>
                              <CI_Telephone>
                                 <voice>
                                    <gco:CharacterString>01463 725000</gco:CharacterString>
                                 </voice>
                              </CI_Telephone>
                           </phone>
                           <address>
                              <CI_Address>
                                 <deliveryPoint>
                                    <gco:CharacterString>Great Glen house</gco:CharacterString>
                                 </deliveryPoint>
                                 <deliveryPoint>
                                    <gco:CharacterString>Leachkin Road</gco:CharacterString>
                                 </deliveryPoint>
                                 <city>
                                    <gco:CharacterString>Inverness</gco:CharacterString>
                                 </city>
                                 <postalCode>
                                    <gco:CharacterString>IV3 8NW</gco:CharacterString>
                                 </postalCode>
                                 <country>
                                    <gco:CharacterString>GB</gco:CharacterString>
                                 </country>
                                 <electronicMailAddress>
                                    <gco:CharacterString>Data_Supply@nature.scot</gco:CharacterString>
                                 </electronicMailAddress>
                              </CI_Address>
                           </address>
                        </CI_Contact>
                     </contactInfo>
                     <role>
                        <CI_RoleCode codeList="http://www.isotc211.org/2005/resources/Codelist/gmxCodelists.xml#CI_RoleCode"
                                     codeListValue="distributor"
                                     codeSpace="ISOTC211/19115">distributor</CI_RoleCode>
                     </role>
                  </CI_ResponsibleParty>
               </distributorContact>
               <distributorFormat>
                  <MD_Format>
                     <name>
                        <gco:CharacterString>SDE Feature Class</gco:CharacterString>
                     </name>
                     <version gco:nilReason="missing"/>
                  </MD_Format>
               </distributorFormat>
               <distributorTransferOptions>
                  <MD_DigitalTransferOptions>
                     <onLine>
                        <CI_OnlineResource>
                           <linkage>
                              <URL>http://www.snh.org.uk/snhi</URL>
                           </linkage>
                        </CI_OnlineResource>
                     </onLine>
                  </MD_DigitalTransferOptions>
               </distributorTransferOptions>
            </MD_Distributor>
         </distributor>
         <transferOptions>
            <MD_DigitalTransferOptions>
               <onLine>
                  <CI_OnlineResource>
                     <linkage>
                        <URL>https://gateway.snh.gov.uk/natural-spaces</URL>
                     </linkage>
                     <description>
                        <gco:CharacterString>SNH - Natural Spaces</gco:CharacterString>
                     </description>
                     <function>
                        <CI_OnLineFunctionCode codeList="http://www.isotc211.org/2005/resources/Codelist/gmxCodelists.xml#CI_OnLineFunctionCode"
                                               codeListValue="download"
                                               codeSpace="ISOTC211/19115">download</CI_OnLineFunctionCode>
                     </function>
                  </CI_OnlineResource>
               </onLine>
            </MD_DigitalTransferOptions>
         </transferOptions>
      </MD_Distribution>
   </distributionInfo>
   <dataQualityInfo>
      <DQ_DataQuality>
         <scope gco:nilReason="missing"/>
         <lineage>
            <LI_Lineage>
               <statement>
                  <gco:CharacterString>SSSIs were first designated under the National Parks and Access to the Countryside Act 1949. The majority of these were later re-notified under the Wildlife and Countryside Act 1981. All 1981 Act SSSI designations are carried forward, and all new SSSI designations are now made, under the Nature Conservation (Scotland) Act 2004.The 2004 Act strengthens the protection of sites and gives legal backing to the increased involvement of land owners and managers and local communities. SNH's SSSI Data has been captured over a long period of time using a range of different source data made available to SNH through the Scottish Central Government SLA, the Pan Government Agreement and subsequently through the One Scotland Mapping Agreement. The data was revised and re-issued in 2012. Please see Access Constraints for more details. SNH also supplies a copy to Registers of Scotland for publication under the Scottish SSSI register. Designating Authority SNH Legislative Context Nature Conservation (Scotland) Act 2004 (section 3). Previously the Wildlife and Countryside Act 1981, Section 28 (as amended) and the National Parks and Access to the Countryside Act 1949, Section 23 (which still applies to a few sites).</gco:CharacterString>
               </statement>
            </LI_Lineage>
         </lineage>
      </DQ_DataQuality>
   </dataQualityInfo>
</MD_Metadata>
